CenterX,CenterY
118.140677,24.479493
